id;first_name;last_name;professional_email;phone
1;Raoul;Nguyen;asymmetric a;0288149508
2;Francine;Dufour;Dominique;+33 178215411
3;Dominique;Fournier;Buckinghamshire Avon Champagne-Ardenne;0634951110
4;Ancelin;Durand;Rhône-Alpes;+33 781160417
5;Émile;Morin;Saint-Dominique du circuit;0705091671
6;Octave;Barre;withdrawal Handcrafted;0711292922
7;Sixte;Vincent;rich Laffitte;0762775786
8;Conception;Petit;a Keyboard;0388058262
9;Armand;Bourgeois;support logistical real-time;0505550351
10;Absalon;Blanchard;invoice Licensed;0701677796
