id;date;number_of_passengers;departure_place;arrival_place
1;2021-05-05T06:27:36;79233;Cloned Practical Syrian;bypassing
2;2021-05-04T19:09:59;93298;bypass Clothing group;Books Progressive
3;2021-05-04T22:37:34;27829;Rupee metrics;deposit navigate Incredible
4;2021-05-05T01:34:03;72658;des Directeur;du Saint-Denis
5;2021-05-05T06:20:42;2298;b;ROI quantify digital
6;2021-05-04T18:27:12;43043;Cloned;a
7;2021-05-04T14:32:45;68387;generate infrastructure payment;b
8;2021-05-04T23:55:04;9116;back-end interfaces ÃŽle-de-France;b Sud
9;2021-05-05T04:32:16;81818;solid des connecting;Avon eyeballs Fresh
10;2021-05-04T19:38:05;1137;Dollar Metal black;redundant ivory
